name,franchise,franchise1,genre,genre1,publisher,developer,release_year,t1_name,t1_name1,t1_year,t1_views,t1_likes,t1_dislikes,t1_comments,t1_vlr,t1_vdr,t1_vcr,t1_score,t2_name,t2_name2,t2_year,t2_views,t2_likes,t2_dislikes,t2_comments,t2_vlr,t2_vdr,t2_vcr,t2_score,t3_name,t3_name3,t3_year,t3_views,t3_likes,t3_dislikes,t3_comments,t3_vlr,t3_vdr,t3_vcr,t3_score,score average,Marketing Status,Metacritic,rating,rating_top,ratings_count,suggestions_count
"""Command and Conquer: Rivals ",Old IP,2,Strategy,13,Electronic Arts,Electronic Arts,2018,Reveal,1,2018,1087277,3963,69105,727,0.36,6.36,0.07,-66.66,Gameplay,2,2018,323464,554,14372,14372,0.17,4.44,4.44,-933.24,Launch,3,2019,107821,185,4791,4791,0.17,4.44,4.44,-311.08,-436.99,Complete,75,3.83,4,560,514
Animal Crossing: New Horizons,Old IP,2,Simulation,11,Nintendo,Nintendo,2020,Reveal,1,2019,4927672,120020,1335,7996,2.44,0.03,0.16,191.5,Demo,1,2019,1905920,45341,593,7071,2.38,0.03,0.37,164.92,Demo,1,2019,4637020,83551,4120,8733,1.80,0.09,0.19,145.71,167.38,Complete,90,4.36,5,381,272
Anthem,New IP,1,Role-Playing,9,Electronic Arts,BioWare Corp.,2019,Teaser,3,2017,2719169,18927,4118,3056,0.70,0.15,0.11,14.33,Demo,1,2017,9295656,121977,9592,15428,1.31,0.10,0.17,178.57,Trailer,4,2018,5250136,69780,7830,9274,1.33,0.15,0.18,102.51,98.47,Incomplete,59,2.71,3,362,669
Apex Legends,New IP,1,Shooter,10,Electronic Arts,Respawn Entertainment,2019,Reveal,1,2019,142694,2951,130,229,2.07,0.09,0.16,4.42,Gameplay,2,2019,1410845,23524,722,1474,1.67,0.05,0.10,23.45,Demo,1,2019,927247,16592,381,1294,1.79,0.04,0.14,22.36,16.74,Incomplete,88,3.67,4,1383,678
Arizona Sunshine,New IP,1,Action,1,Independent,Vertigo Gaming Inc.,2018,Reveal,1,2019,11312,103,5,28,0.91,0.04,0.25,0.24,Gameplay,2,2019,27945,616,38,63,2.20,0.14,0.23,1.26,Launch,3,2019,358260,955,81,142,0.27,0.02,0.04,0.33,0.61,Complete,81,3.76,4,42,605
Ashen (2018),New IP,1,Action-Adventure,2,Annapurna Interactive,Aurora44,2018,Reveal,1,2015,388573,2144,92,162,0.55,0.02,0.04,0.84,Trailer,4,2017,9410,144,4,12,1.53,0.04,0.13,0.18,Launch,3,2018,679440,1476,81,193,0.22,0.01,0.03,0.04,0.35,Complete,77,3.49,4,144,690
Assassin's Creed Odyssey,Old IP,2,Action-Adventure,2,Ubisoft,Ubisoft Quebec,2018,Reveal,1,2018,9976028,73612,9784,13230,0.74,0.10,0.13,78.16,Demo,1,2018,2667973,35332,4222,10076,1.32,0.16,0.38,109.52,Launch,3,2019,312296,6294,197,999,2.02,0.06,0.32,19.19,68.96,Incomplete,85,4.05,4,1216,649
Astral Chain,New IP,1,Action,1,Nintendo,PlatinumGames,2019,Reveal,1,2019,1131537,32539,441,4370,2.88,0.04,0.39,123.11,Demo,1,2019,747387,11928,214,1587,1.60,0.03,0.21,24.65,Trailer,4,2019,354128,8932,79,765,2.52,0.02,0.22,19.04,55.6,Complete,87,4.31,5,160,529
ASTRO BOT Rescue Mission,New IP,1,Platform,7,Sony Interactive Entertainment,SIE Japan Studio,2018,Reveal,1,2018,263993,3178,117,388,1.20,0.04,0.15,4.41,Gameplay,2,2018,527986,6356,234,776,1.20,0.04,0.15,8.83,Launch,3,2018,694557,5558,184,478,0.80,0.03,0.07,3.64,5.62,Complete,90,4.21,5,121,231
Beat Saber,New IP,1,Music,6,Independent,Beat Games,2018,Reveal,1,2018,864948,10775,233,374,1.25,0.03,0.04,4.51,Gameplay,2,2018,290003,4326,76,223,1.49,0.03,0.08,3.24,Trailer,4,2019,123405,4256,194,195,3.45,0.16,0.16,6.27,4.67,Complete,90,4.37,5,349,251
Beyond Good & Evil,Old IP,2,Action-Adventure,2,Ubisoft,Ubisoft Montpellier,2020,Reveal,1,2017,1271817,25000,1200,3011,1.97,0.09,0.24,54.93,Trailer,4,2018,1227101,21000,560,2265,1.71,0.05,0.18,37.21,Trailer,4,2018,1526257,24000,1500,4304,1.57,0.10,0.28,61.33,51.16,Complete,84,4.35,5,301,537
Borderlands 3,Old IP,2,Shooter,10,2K Games,Gearbox Software,2019,Teaser,3,2019,2560536,84000,1400,9016,3.28,0.05,0.35,288.38,Reveal,3,2019,7984995,331634,11380,37661,4.15,0.14,0.47,1483.63,Trailer,4,2019,4253021,213501,3534,23149,5.02,0.08,0.54,1133.22,968.41,Incomplete,83,3.92,4,392,687
Call of Duty: Black Ops 4,Old IP,2,Shooter,10,Activision,Treyarch,2018,Teaser,3,2018,9372209,236000,43000,43400,2.52,0.46,0.46,794.17,Reveal,3,2018,13536416,390079,226649,0,2.88,1.67,0.00,0,Launch,3,2018,16298178,84149,6540,12462,0.52,0.04,0.08,56.84,283.67,Complete,84,3.47,4,384,422
Commander Keen,Old IP,2,Action-Adventure,2,Bethesda Softworks,ZeniMax Online Studios,2020,Reveal,1,2019,1562032,1755,11469,2741,0.11,0.73,0.18,-27.11,Gameplay,2,2019,134383,402,6014,1128,0.30,4.48,0.84,-72.35,Trailer,4,2018,89589,268,4009,752,0.30,4.47,0.84,-48.23,-49.23,Complete,75,3.83,4,560,514
Control,New IP,1,Action-Adventure,2,505 Games,Remedy,2019,Reveal,1,2018,1011499,20154,492,1778,1.99,0.05,0.18,34.13,Demo,1,2018,1120025,11000,932,1551,0.98,0.08,0.14,13.3,Gameplay,2,2019,1337957,26652,704,2472,1.99,0.05,0.18,47.29,31.57,Incomplete,84,4.18,4,761,414
Crackdown 3,Old IP,2,Action,1,Microsoft Studios,Sumo Digital,2019,Reveal,1,2014,246800,1100,65,141,0.45,0.03,0.06,0.57,Trailer,4,2015,513000,3600,356,662,0.70,0.07,0.13,3.96,Gameplay,2,2018,483974,5191,686,1080,1.07,0.14,0.22,9.29,4.61,Incomplete,57,2.86,3,214,548
Crash Bandicoot N. Sane Trilogy,Old IP,2,Racing,8,Activision,Beenox,2017,Reveal,1,2016,4716339,55258,1451,7671,1.17,0.03,0.16,86.34,Gameplay,2,2017,2288878,2106,35,256,0.09,0.00,0.01,0.23,Launch,3,2018,1736823,22890,553,0,1.32,0.03,0.00,0,28.86,Complete,81,4.13,4,343,549
Crash Team Racing Nitro-Fueled,Old IP,2,Racing,8,Activision,Beenox,2019,Reveal,1,2018,4455096,121000,1800,0,2.72,0.04,0.00,0,Gameplay,2,2019,1158844,22000,835,0,1.90,0.07,0.00,0,Launch,3,2019,514446,13762,179,0,2.68,0.03,0.00,0,0,Complete,82,4.06,4,220,255
CrossfireX,New IP,1,Shooter,10,Tencent,Tencent,2020,Reveal,1,2019,383073,6898,464,575,1.80,0.12,0.15,9.31,Trailer,4,2019,23398,627,46,43,2.68,0.20,0.18,1.03,Trailer,4,2020,240685,7300,202,414,3.03,0.08,0.17,12.04,7.46,Complete,75,3.83,4,560,514
DAEMON X MACHINA,New IP,1,Role-Playing,9,Marvelous,Marvelous,2019,Reveal,1,2018,419374,8059,142,1195,1.92,0.03,0.28,22.36,Trailer,4,2019,158595,3269,39,353,2.06,0.02,0.22,7.15,Gameplay,2,2019,274925,4001,91,791,1.46,0.03,0.29,11.12,13.54,Complete,70,2.42,3,12,225
Days Gone,New IP,1,Action-Adventure,2,Sony Interactive Entertainment,SIE Bend Studio,2019,Reveal Demo,2,2016,13674437,171089,7312,12853,1.25,0.05,0.09,150.5,Trailer,4,2016,3314188,41809,916,3651,1.26,0.03,0.11,44.54,Gameplay,2,2017,2820432,18115,816,1446,0.64,0.03,0.05,8.66,67.9,Incomplete,71,3.94,4,500,657
Destiny,New IP,1,Shooter,10,Activision,Bungie,2017,Reveal,1,2013,6733166,35112,1156,16292,0.52,0.02,0.24,80.76,Gameplay,2,2013,8761315,27112,1254,7880,0.31,0.01,0.09,22.69,Trailer,4,2014,10039712,39882,3505,6048,0.40,0.03,0.06,20.86,41.44,Incomplete,76,3.7,4,835,676
Detroit: Become Human,New IP,1,Action-Adventure,2,Sony Interactive Entertainment,Quantic Dream,2017,Teaser,3,2015,2556228,48112,1149,5346,1.88,0.04,0.21,97.02,Gameplay,2,2016,4459609,80761,1294,6094,1.81,0.03,0.14,107.71,Launch,3,2018,1137430,20000,350,1314,1.76,0.03,0.12,22.5,75.74,Complete,79,4.26,4,1829,501
Doom Eternal,Old IP,2,Shooter,10,Bethesda Softworks,id Software,2020,Reveal,1,2019,14929299,95998,784,13873,0.64,0.01,0.09,88.11,Trailer,4,2020,4625992,121049,1036,13261,2.62,0.02,0.29,342.55,Gameplay,2,2020,5598650,141000,2200,23890,2.52,0.04,0.43,587.58,339.41,Incomplete,86,4.38,5,435,679
Dying Light 2,Old IP,2,Action-Adventure,2,Techland,Techland,2020,Reveal,1,2018,4714052,60448,643,8244,1.28,0.01,0.17,104.03,Trailer,4,2019,2080103,28112,303,3518,1.35,0.01,0.17,46.78,Demo,1,2019,3328304,92100,1499,15092,2.77,0.05,0.45,407.43,186.08,Complete,75,3.83,4,560,514
Fallout 76,Old IP,2,Role-Playing,9,Bethesda Softworks,Bethesda Game Studios,2018,Teaser,3,2019,14411099,251915,10753,61044,1.75,0.07,0.42,998.76,Reveal,3,2019,39227746,252625,29640,50288,0.64,0.08,0.13,266.86,Trailer,4,2019,969427,15998,996,3046,1.65,0.10,0.31,45.57,437.06,Incomplete,51,2.61,1,350,404
Fifa 20,Old IP,2,Sports,12,EA Sports,Electronic Arts,2019,Reveal,1,2019,6926244,149125,17162,12794,2.15,0.25,0.18,227.91,Gameplay,2,2019,5633463,96808,18880,9795,1.72,0.34,0.17,119.08,Trailer,4,2019,4073873,118675,6873,7090,2.91,0.17,0.17,188.59,178.53,Complete,68,3.15,4,260,422
Final Fantasy VII Remake,Old IP,2,Role-Playing,9,Square Enix,Square Enix,2020,Reveal,1,2015,16045156,141492,3174,21820,0.88,0.02,0.14,185.94,Gameplay,2,2015,8646634,89414,2652,18837,1.03,0.03,0.22,186.13,Trailer,4,2019,2992539,97041,1956,11715,3.24,0.07,0.39,368.4,246.82,Incomplete,87,4.64,5,232,628
Final Fantasy XIV: A Realm Reborn,Old IP,2,MMO,5,Square Enix,Square Enix,2017,Reveal,1,2019,3300000,0,0,0,0.00,0.00,0.00,0,Gameplay,2,2019,2222528,0,0,0,0.00,0.00,0.00,0,Launch,3,2019,923033,0,0,0,0.00,0.00,0.00,0,0,Complete,83,4.14,4,202,657
For Honor,New IP,1,Action,1,Ubisoft,Ubisoft Montreal,2017,Reveal,1,2016,1610344,27504,729,5644,1.71,0.05,0.35,92.56,Gameplay,2,2018,276762,3454,60,694,1.25,0.02,0.25,8.44,Trailer,4,2019,117924,2434,1003,594,2.06,0.85,0.50,4.68,35.23,Incomplete,76,3.3,4,1183,704
Forza Horizon 4,Old IP,2,Racing,8,Microsoft Studios,Playground Games,2017,Reveal,1,2019,6204720,105065,2002,0,1.69,0.03,0.00,0,Trailer,4,2019,471882,7592,222,1748,1.61,0.05,0.37,26.89,Launch,3,2019,237367,4200,72,274,1.77,0.03,0.12,4.72,10.54,Complete,90,4.34,5,873,448
Gears 5,Old IP,2,Shooter,10,Microsoft Studios,The Coalition,2020,Reveal,1,2018,2467768,42911,2581,6906,1.74,0.10,0.28,109.25,Trailer,4,2019,544362,10522,3611,2040,1.93,0.66,0.37,19.13,Trailer,4,2019,838003,11217,1210,1515,1.34,0.14,0.18,17,48.46,Incomplete,83,3.93,4,481,682
Gears of War 4,Old IP,2,Shooter,10,Microsoft Studios,The Coalition,2017,Reveal Demo,2,2015,1683732,10193,498,2333,0.61,0.03,0.14,13.09,Demo,1,2016,1615118,7263,849,1867,0.45,0.05,0.12,6.92,Gameplay,2,2016,463755,5615,417,924,1.21,0.09,0.20,9.94,9.98,Complete,85,3.91,4,479,681
Ghost of Tsushima,New IP,1,Action-Adventure,2,Sony Interactive Entertainment,Sucker Punch,2020,Reveal,1,2017,2801618,56879,654,4540,2.03,0.02,0.16,90.58,Demo,1,2019,17264295,196924,6800,17200,1.14,0.04,0.10,186.03,Trailer,4,2019,3460776,126113,1565,8576,3.64,0.05,0.25,306.7,194.44,Complete,83,4.47,5,263,485
GreedFall,New IP,1,Role-Playing,9,Focus Home Interactive,Spiders,2019,Reveal,1,2018,819816,1702,116,157,0.21,0.01,0.02,0.29,Trailer,4,2019,3704758,24772,1630,2653,0.67,0.04,0.07,15.99,Gameplay,2,2019,2685952,8822,453,1202,0.33,0.02,0.04,3.64,6.64,Complete,74,3.48,4,162,186
Halo Infinite,Old IP,2,Shooter,10,Microsoft Studios,343 Industries,2021,Reveal,1,2018,7515186,147271,4612,28177,1.96,0.06,0.37,526.23,Trailer,4,2019,5677128,190034,3660,23401,3.35,0.06,0.41,760.69,Demo,1,2020,8438220,212111,37987,64563,2.51,0.45,0.77,1186.94,824.62,Complete,75,3.83,4,560,514
Horizon Zero Dawn,New IP,1,Action,1,Sony Interactive Entertainment,Guerrilla Games,2017,Reveal Demo,2,2015,6848963,88347,2210,9872,1.29,0.03,0.14,122.56,Trailer,4,2016,8474086,59016,15537,10014,0.70,0.18,0.12,42.2,Demo,1,2016,8709768,69135,2288,6838,0.79,0.03,0.08,51.58,72.12,Incomplete,89,4.35,5,2440,634
inFAMOUS Second Son,Old IP,2,Action-Adventure,2,Sony Interactive Entertainment,Sucker Punch,2017,Teaser,3,2013,3141698,22598,367,8016,0.72,0.01,0.26,56.25,Gameplay,2,2013,7669831,63787,1100,9772,0.83,0.01,0.13,79.17,Trailer,4,2013,3999842,18000,210,2284,0.45,0.01,0.06,10.1,48.51,Complete,80,3.91,4,1182,660
Just Cause 4,Old IP,2,Action-Adventure,2,Square Enix,Avalanche Studios,2018,Reveal,1,2018,3450714,72486,1682,8143,2.10,0.05,0.24,165.1,Demo,1,2018,247192,4221,336,1159,1.71,0.14,0.47,17.43,Launch,3,2018,169144,3400,99,304,2.01,0.06,0.18,5.84,62.79,Complete,68,3.03,3,252,585
Kingdom Hearts III,Old IP,2,Role-Playing,9,Square Enix,Square Enix,2019,Reveal,1,2015,8510037,113850,2714,21462,1.34,0.03,0.25,276.86,Trailer,4,2018,3261019,61432,909,11968,1.88,0.03,0.37,220.45,Trailer,4,2019,1320533,32473,1220,5862,2.46,0.09,0.44,136.03,211.11,Complete,82,3.84,4,384,524
League of Legends,New IP,1,Strategy,13,Riot Games,Riot Games,2017,Teaser,3,2019,2603119,56067,2218,9930,2.15,0.09,0.38,201.18,Trailer,4,2019,1575100,33675,1263,4272,2.14,0.08,0.27,86.2,Trailer,4,2019,2277054,51580,3069,9257,2.27,0.13,0.41,190.98,159.45,Complete,78,3.64,4,324,511
Luigi's Mansion 3,Old IP,2,Action-Adventure,2,Nintendo,"Next Level Games, Inc.",2019,Reveal,1,2019,3602878,48173,2225,4565,1.34,0.06,0.13,56.81,Gameplay,2,2019,838596,11871,218,1778,1.42,0.03,0.21,24.48,Trailer,4,2019,761457,16281,293,1606,2.14,0.04,0.21,33.41,38.23,Complete,86,4.29,4,191,575
Marvel Ultimate Alliance 3: The Black Order,Old IP,2,Action,1,Nintendo,Team Ninja,2019,Reveal,1,2018,1235790,23111,3345,5805,1.87,0.27,0.47,84.99,Trailer,4,2019,543791,5003,857,592,0.92,0.16,0.11,4.05,Demo,1,2019,628828,7498,335,1874,1.19,0.05,0.30,20.85,36.63,Incomplete,73,3.46,4,40,166
Marvel・・s Avengers,New IP,1,Action,1,Square Enix,Crystal Dynamics,2020,Teaser,3,2017,13581575,192454,5121,12193,1.42,0.04,0.09,165.88,Reveal,3,2019,19486359,430396,41869,38679,2.21,0.21,0.20,729.64,Demo,1,2019,4158829,75925,8473,14855,1.83,0.20,0.36,225.8,373.78,Complete,67,2.56,1,98,590
Minecraft: Dungeons,Old IP,2,Platform,7,Microsoft Studios,Mojang,2019,Reveal,1,2018,1822081,50178,1687,8131,2.75,0.09,0.45,212.63,Gameplay,2,2019,5378012,196924,6860,23892,3.66,0.13,0.44,829.13,Launch,3,2020,3535698,99000,2100,11185,2.80,0.06,0.32,303.22,448.32,Complete,74,3.46,4,75,418
ONINAKI,New IP,1,Action-Adventure,2,Square Enix,Tokyo RPG Factory,2019,Reveal,1,2019,352227,7448,136,400,2.11,0.04,0.11,8.23,Trailer,4,2019,171894,2777,144,152,1.62,0.08,0.09,2.26,Trailer,4,2019,123921,3132,31,168,2.53,0.03,0.14,4.18,4.89,Complete,70,2.47,1,15,242
Ori and the Will of the Wisps,Old IP,2,Platform,7,Microsoft Studios,Moon Studios,2020,Reveal,1,2018,1564047,38673,270,3092,2.47,0.02,0.20,75.65,Gameplay,2,2019,1287627,32026,203,1488,2.49,0.02,0.12,36.66,Gameplay,2,2019,178032,5788,44,305,3.25,0.02,0.17,9.8,40.7,Complete,91,4.44,5,411,465
Outer WIlds,New IP,1,Adventure,3,Annapurna Interactive,Mobius Digital,2019,Reveal,1,2019,615215,1875,249,199,0.30,0.04,0.03,0.49,Gameplay,2,2019,109227,1999,64,98,1.83,0.06,0.09,1.71,Launch,3,2019,333573,2712,408,374,0.81,0.12,0.11,2.35,1.52,Complete,84,4.3,5,259,298
Persona 5,Old IP,2,Role-Playing,9,Atlus,Atlus,2017,Reveal,1,2016,1108264,19756,204,2169,1.78,0.02,0.20,38.07,Trailer,4,2017,1167485,50530,684,5144,4.33,0.06,0.44,218.12,Trailer,4,2017,672276,21472,153,2755,3.19,0.02,0.41,87.05,114.41,Complete,93,4.38,5,1013,501
Planet Zoo,New IP,1,Simulation,11,Frontier Developments,Frontier Developments,2019,Reveal,1,2019,968134,24329,472,1941,2.51,0.05,0.20,47.36,Trailer,4,2019,189372,5917,44,727,3.12,0.02,0.38,22.46,Trailer,4,2019,122333,1454,16,134,1.19,0.01,0.11,1.57,23.8,Incomplete,75,3.83,4,560,514
"Pokﾃｩmon Sword, Shield",Old IP,2,Role-Playing,9,Nintendo,Pokemon Company,2020,Reveal,1,2019,4321072,125763,8334,25983,2.91,0.19,0.60,681.05,Trailer,4,2019,6086717,130268,12111,25590,2.14,0.20,0.42,471.3,Trailer,4,2019,4764816,129939,3281,14180,2.73,0.07,0.30,372.05,508.14,Incomplete,80,3.74,4,280,444
Rage 2,Old IP,2,Shooter,10,Bethesda Softworks,id Software,2019,Reveal,1,2018,1387141,28000,6300,8162,2.02,0.45,0.59,109.15,Gameplay,2,2018,1313418,27000,1400,5421,2.06,0.11,0.41,102.77,Gameplay,2,2018,862899,9847,504,1310,1.14,0.06,0.15,13.8,75.24,Incomplete,71,3.21,3,432,557
Rainbow Six Quarantine,Old IP,2,Shooter,10,Ubisoft,Ubisoft,2021,Teaser,3,2019,2490820,71001,1986,6553,2.85,0.08,0.26,178.96,Gameplay,2,2019,1192057,23783,1844,3137,2.00,0.15,0.26,55.31,Gameplay,2,2020,26000,681,115,178,2.62,0.44,0.68,3.48,79.25,Complete,75,3.83,4,560,514
Resident Evil 2,Old IP,2,Action,1,Capcom,Capcom,2019,Reveal,1,2018,2705697,55174,1028,5022,2.04,0.04,0.19,99.55,Trailer,4,2018,2478138,35874,1217,5115,1.45,0.05,0.21,70.28,Trailer,4,2018,1675326,41547,434,3813,2.48,0.03,0.23,93.08,87.63,Complete,91,4.47,5,1177,560
Roller Champions,New IP,1,Sports,12,Ubisoft,Ubisoft,2020,Reveal,1,2019,149904,2182,90,284,1.46,0.06,0.19,3.88,Gameplay,2,2019,203082,2160,153,381,1.06,0.08,0.19,3.62,Gameplay,2,2020,72732,1300,90,187,1.79,0.12,0.26,3,3.5,Complete,75,3.83,4,560,514
Shadow of the Tomb Raider,Old IP,2,Action-Adventure,2,Square Enix,Eidos Montreal,2018,Reveal,1,2018,3904354,61775,1536,5793,1.58,0.04,0.15,88.24,Gameplay,2,2018,1130345,21792,447,1905,1.93,0.04,0.17,35.6,Demo,1,2018,410056,6335,356,1291,1.54,0.09,0.31,18.26,47.37,Incomplete,78,3.84,4,897,682
Skull & Bones,New IP,1,Action-Adventure,2,Ubisoft,Ubisoft Singapore,2020,Reveal,1,2018,2987843,31763,1279,4435,1.06,0.04,0.15,44.3,Gameplay,2,2018,1366733,10555,1249,2480,0.77,0.09,0.18,15.75,Demo,1,2018,1617348,12747,2812,2568,0.79,0.17,0.16,13.54,24.53,Complete,75,3.83,4,560,514
Star Wars Jedi: Fallen Order,Transmedia,3,Action-Adventure,2,Electronic Arts,Respawn Entertainment,2019,Reveal,1,2019,16191711,325232,17888,38853,2.01,0.11,0.24,716.03,Demo,1,2019,10311329,177310,21972,35220,1.72,0.21,0.34,493.06,Trailer,4,2019,2681400,70853,3105,7036,2.64,0.12,0.26,173.7,460.93,Incomplete,80,4.14,4,886,572
Starlink: Battle for Atlas,New IP,1,Role-Playing,9,Ubisoft,Ubisoft,2018,Reveal,1,2017,34072,394,93,70,1.16,0.27,0.21,0.52,Trailer,4,2018,411027,2250,53,404,0.55,0.01,0.10,2.13,Gameplay,2,2018,290515,1464,182,306,0.50,0.06,0.11,1.25,1.3,Complete,74,3.72,4,30,368
Super Mario Maker 2,Old IP,2,Platform,7,Nintendo,Nintendo,2019,Reveal,1,2019,5119179,120486,1987,30831,2.35,0.04,0.60,707.69,Demo,1,2019,1067685,15736,355,2504,1.47,0.03,0.23,35.66,Demo,1,2019,6047555,96922,3133,19135,1.60,0.05,0.32,291.8,345.05,Complete,88,4.29,4,211,286
Super Smash Bros. Ultimate,Old IP,2,Fighting,4,Nintendo,Nintendo,2019,Reveal,1,2018,4699636,72349,1642,0,1.54,0.03,0.00,0,Trailer,4,2019,4127981,100238,5341,44676,2.43,0.13,1.08,998.14,Trailer,4,2019,2933489,59345,1044,11622,2.02,0.04,0.40,228.91,409.02,Incomplete,93,4.37,5,780,470
The Elder Scrolls Online,Old IP,2,MMO,5,Bethesda Softworks,ZeniMax Online Studios,2017,Reveal,1,2019,12253788,33159,1346,2217,0.27,0.01,0.02,5.63,Trailer,4,2019,426601,9942,430,1408,2.33,0.10,0.33,30.68,Gameplay,2,2019,371270,2844,197,589,0.77,0.05,0.16,4.04,13.45,Complete,71,3.73,4,56,645
The Elder Scrolls: Blades,Old IP,2,Role-Playing,9,Bethesda Softworks,Bethesda Game Studios,2018,Reveal,1,2018,2565526,30075,7515,5847,1.17,0.29,0.23,42.85,Trailer,4,2019,144667,1236,2617,433,0.85,1.81,0.30,-8.05,Trailer,4,2019,126423,1025,1989,518,0.81,1.57,0.41,-8.02,8.93,Complete,42,2.76,3,43,513
The Legend of Zelda: Breath of the Wild,Old IP,2,Action-Adventure,2,Nintendo,Nintendo,2020,Teaser,3,2015,6311918,49462,1348,13204,0.78,0.02,0.21,99.24,Trailer,4,2016,17606502,266707,5986,52475,1.51,0.03,0.30,768.14,Trailer,4,2017,23781080,380064,6459,56319,1.60,0.03,0.24,877.13,581.5,Complete,97,4.56,5,1911,338
The Legend of Zelda: Link's Awakening (2019),Old IP,2,Action-Adventure,2,Nintendo,Nintendo,2018,Reveal,1,2018,5277950,136971,5370,20902,2.60,0.10,0.40,510.54,Trailer,4,2018,1175349,24061,433,1880,2.05,0.04,0.16,37.45,Demo,1,2018,1193615,15347,367,2088,1.29,0.03,0.17,25.88,191.29,Complete,87,4.37,5,290,453
The Outer Worlds,New IP,1,Role-Playing,9,Private Division,Obsidian Entertainment,2019,Reveal,1,2018,9897914,210239,6191,32037,2.12,0.06,0.32,650.43,Gameplay,2,2019,2814806,32877,2134,4220,1.17,0.08,0.15,44.49,Demo,1,2018,1595062,27888,2530,7171,1.75,0.16,0.45,108.32,267.75,Complete,80,3.95,4,747,449
Tom Clancy・・s The Division,New IP,1,Shooter,10,Ubisoft,Ubisoft,2019,Reveal Demo,2,2013,14475319,118134,4416,24078,0.82,0.03,0.17,185.48,Trailer,4,2014,5366257,64111,930,7000,1.19,0.02,0.13,81.81,Launch,3,2015,2672167,11252,1201,1435,0.42,0.04,0.05,5.08,90.79,Complete,80,3.72,4,954,684
Vampire: The Masquerade - Bloodlines 2,Old IP,2,Action,1,Paradox Interactive,Hardsuit Labs,2021,Reveal,1,2019,1524444,42973,854,5181,2.82,0.06,0.34,141.7,Demo,1,2019,864839,9200,2200,2548,1.06,0.25,0.29,17.38,Demo,1,2019,918770,9032,2993,1887,0.98,0.33,0.21,9.33,56.14,Complete,75,3.83,4,560,514
